year,state,category,count_thousands
1973,NSW,CATTLE,2071.2
1973,VIC,CATTLE,1955.2
1973,QLD,CATTLE,1675.6
1973,SA,CATTLE,336.9
1973,WA,CATTLE,462.9
1973,TAS,CATTLE,234.8
1973,NSW,CALVES,278.1
1973,VIC,CALVES,743.7
1973,QLD,CALVES,328.7
1973,SA,CALVES,55.6
1973,WA,CALVES,15.2
1973,TAS,CALVES,25.9
1973,NSW,SHEEP,6356.7
1973,VIC,SHEEP,8612.4
1973,QLD,SHEEP,1712.7
1973,SA,SHEEP,2397.1
1973,WA,SHEEP,4229.4
1973,TAS,SHEEP,636.5
1973,NSW,LAMBS,6240.8
1973,VIC,LAMBS,6717.2
1973,QLD,LAMBS,739.6
1973,SA,LAMBS,2141.4
1973,WA,LAMBS,1318.6
1973,TAS,LAMBS,641.7
1973,NSW,PIGS,1323.7
1973,VIC,PIGS,1210.3
1973,QLD,PIGS,964.4
1973,SA,PIGS,527.0
1973,WA,PIGS,537.5
1973,TAS,PIGS,152.0
1974,NSW,CATTLE,1716.0
1974,VIC,CATTLE,1749.4
1974,QLD,CATTLE,1487.4
1974,SA,CATTLE,316.2
1974,WA,CATTLE,477.5
1974,TAS,CATTLE,229.8
1974,NSW,CALVES,208.6
1974,VIC,CALVES,652.9
1974,QLD,CALVES,252.7
1974,SA,CALVES,43.0
1974,WA,CALVES,9.5
1974,TAS,CALVES,29.6
1974,NSW,SHEEP,2748.1
1974,VIC,SHEEP,3587.6
1974,QLD,SHEEP,919.9
1974,SA,SHEEP,1138.5
1974,WA,SHEEP,2570.9
1974,TAS,SHEEP,335.6
1974,NSW,LAMBS,4960.5
1974,VIC,LAMBS,5317.1
1974,QLD,LAMBS,400.7
1974,SA,LAMBS,1456.3
1974,WA,LAMBS,1185.4
1974,TAS,LAMBS,489.7
1974,NSW,PIGS,1166.2
1974,VIC,PIGS,1081.3
1974,QLD,PIGS,828.8
1974,SA,PIGS,447.9
1974,WA,PIGS,496.6
1974,TAS,PIGS,115.6
1975,NSW,CATTLE,2084.1
1975,VIC,CATTLE,1863.2
1975,QLD,CATTLE,1739.9
1975,SA,CATTLE,388.9
1975,WA,CATTLE,525.6
1975,TAS,CATTLE,224.7
1975,NSW,CALVES,304.7
1975,VIC,CALVES,790.5
1975,QLD,CALVES,306.4
1975,SA,CALVES,76.0
1975,WA,CALVES,15.1
1975,TAS,CALVES,37.5
1975,NSW,SHEEP,2944.2
1975,VIC,SHEEP,4495.6
1975,QLD,SHEEP,765.2
1975,SA,SHEEP,1133.9
1975,WA,SHEEP,2978.4
1975,TAS,SHEEP,402.8
1975,NSW,LAMBS,5850.7
1975,VIC,LAMBS,5739.9
1975,QLD,LAMBS,514.1
1975,SA,LAMBS,1850.3
1975,WA,LAMBS,1329.4
1975,TAS,LAMBS,577.1
1975,NSW,PIGS,978.8
1975,VIC,PIGS,975.7
1975,QLD,PIGS,633.5
1975,SA,PIGS,343.5
1975,WA,PIGS,389.3
1975,TAS,PIGS,101.4
1976,NSW,CATTLE,2599.8
1976,VIC,CATTLE,2227.5
1976,QLD,CATTLE,2084.7
1976,SA,CATTLE,470.3
1976,WA,CATTLE,745.7
1976,TAS,CATTLE,283.5
1976,NSW,CALVES,402.2
1976,VIC,CALVES,1070.1
1976,QLD,CALVES,436.7
1976,SA,CALVES,78.8
1976,WA,CALVES,45.5
1976,TAS,CALVES,64.5
1976,NSW,SHEEP,3695.2
1976,VIC,SHEEP,5677.0
1976,QLD,SHEEP,863.8
1976,SA,SHEEP,1803.8
1976,WA,SHEEP,4283.8
1976,TAS,SHEEP,454.9
1976,NSW,LAMBS,5515.8
1976,VIC,LAMBS,5696.1
1976,QLD,LAMBS,536.3
1976,SA,LAMBS,1757.5
1976,WA,LAMBS,1744.1
1976,TAS,LAMBS,613.6
1976,NSW,PIGS,927.8
1976,VIC,PIGS,882.0
1976,QLD,PIGS,667.3
1976,SA,PIGS,341.9
1976,WA,PIGS,352.6
1976,TAS,PIGS,94.1
1977,NSW,BULLS_BULLOCKS_STEERS,1446.3
1977,VIC,BULLS_BULLOCKS_STEERS,1178.7
1977,QLD,BULLS_BULLOCKS_STEERS,1213.6
1977,SA,BULLS_BULLOCKS_STEERS,267.7
1977,WA,BULLS_BULLOCKS_STEERS,454.3
1977,TAS,BULLS_BULLOCKS_STEERS,144.9
1977,NSW,COWS_HEIFERS,1549.5
1977,VIC,COWS_HEIFERS,1181.8
1977,QLD,COWS_HEIFERS,1103.2
1977,SA,COWS_HEIFERS,311.5
1977,WA,COWS_HEIFERS,390.5
1977,TAS,COWS_HEIFERS,139.9
1977,NSW,CATTLE,2995.8
1977,VIC,CATTLE,2360.6
1977,QLD,CATTLE,2316.8
1977,SA,CATTLE,579.2
1977,WA,CATTLE,844.8
1977,TAS,CATTLE,284.8
1977,NSW,CALVES,503.3
1977,VIC,CALVES,1233.6
1977,QLD,CALVES,512.7
1977,SA,CALVES,76.7
1977,WA,CALVES,70.4
1977,TAS,CALVES,72.9
1977,NSW,SHEEP,4057.9
1977,VIC,SHEEP,4922.1
1977,QLD,SHEEP,858.8
1977,SA,SHEEP,1969.6
1977,WA,SHEEP,4046.6
1977,TAS,SHEEP,469.1
1977,NSW,LAMBS,5120.0
1977,VIC,LAMBS,5549.5
1977,QLD,LAMBS,647.6
1977,SA,LAMBS,1457.1
1977,WA,LAMBS,1830.8
1977,TAS,LAMBS,523.5
1977,NSW,PIGS,1024.1
1977,VIC,PIGS,934.8
1977,QLD,PIGS,702.9
1977,SA,PIGS,344.2
1977,WA,PIGS,343.3
1977,TAS,PIGS,99.6
1978,NSW,BULLS_BULLOCKS_STEERS,1541.8
1978,VIC,BULLS_BULLOCKS_STEERS,1382.9
1978,QLD,BULLS_BULLOCKS_STEERS,1395.9
1978,SA,BULLS_BULLOCKS_STEERS,279.5
1978,WA,BULLS_BULLOCKS_STEERS,411.4
1978,TAS,BULLS_BULLOCKS_STEERS,161.0
1978,NSW,COWS_HEIFERS,1746.6
1978,VIC,COWS_HEIFERS,1300.8
1978,QLD,COWS_HEIFERS,1191.8
1978,SA,COWS_HEIFERS,364.5
1978,WA,COWS_HEIFERS,366.2
1978,TAS,COWS_HEIFERS,132.8
1978,NSW,CATTLE,3288.4
1978,VIC,CATTLE,2683.8
1978,QLD,CATTLE,2587.7
1978,SA,CATTLE,644.0
1978,WA,CATTLE,777.5
1978,TAS,CATTLE,293.8
1978,NSW,CALVES,552.7
1978,VIC,CALVES,1172.2
1978,QLD,CALVES,560.3
1978,SA,CALVES,100.4
1978,WA,CALVES,66.9
1978,TAS,CALVES,68.7
1978,NSW,SHEEP,3972.2
1978,VIC,SHEEP,4247.3
1978,QLD,SHEEP,829.4
1978,SA,SHEEP,1734.8
1978,WA,SHEEP,2597.6
1978,TAS,SHEEP,386.8
1978,NSW,LAMBS,5157.2
1978,VIC,LAMBS,5731.1
1978,QLD,LAMBS,650.2
1978,SA,LAMBS,1505.0
1978,WA,LAMBS,1485.1
1978,TAS,LAMBS,650.1
1978,NSW,PIGS,1105.2
1978,VIC,PIGS,1016.9
1978,QLD,PIGS,747.0
1978,SA,PIGS,376.3
1978,WA,PIGS,321.4
1978,TAS,PIGS,92.5
1979,NSW,BULLS_BULLOCKS_STEERS,1424.8
1979,VIC,BULLS_BULLOCKS_STEERS,1081.8
1979,QLD,BULLS_BULLOCKS_STEERS,1544.3
1979,SA,BULLS_BULLOCKS_STEERS,278.9
1979,WA,BULLS_BULLOCKS_STEERS,408.2
1979,TAS,BULLS_BULLOCKS_STEERS,123.6
1979,NSW,COWS_HEIFERS,1472.8
1979,VIC,COWS_HEIFERS,941.5
1979,QLD,COWS_HEIFERS,1389.8
1979,SA,COWS_HEIFERS,288.8
1979,WA,COWS_HEIFERS,297.3
1979,TAS,COWS_HEIFERS,103.2
1979,NSW,CATTLE,2897.6
1979,VIC,CATTLE,2023.3
1979,QLD,CATTLE,2934.2
1979,SA,CATTLE,567.7
1979,WA,CATTLE,705.5
1979,TAS,CATTLE,226.7
1979,NSW,CALVES,358.7
1979,VIC,CALVES,905.1
1979,QLD,CALVES,361.7
1979,SA,CALVES,90.8
1979,WA,CALVES,40.9
1979,TAS,CALVES,54.5
1979,NSW,SHEEP,3470.0
1979,VIC,SHEEP,3878.5
1979,QLD,SHEEP,863.4
1979,SA,SHEEP,1021.9
1979,WA,SHEEP,2394.5
1979,TAS,SHEEP,345.4
1979,NSW,LAMBS,5283.1
1979,VIC,LAMBS,5398.9
1979,QLD,LAMBS,578.8
1979,SA,LAMBS,1501.1
1979,WA,LAMBS,1382.1
1979,TAS,LAMBS,502.9
1979,NSW,PIGS,1059.3
1979,VIC,PIGS,961.1
1979,QLD,PIGS,721.0
1979,SA,PIGS,402.3
1979,WA,PIGS,327.2
1979,TAS,PIGS,90.5
1980,NSW,BULLS_BULLOCKS_STEERS,1124.2
1980,VIC,BULLS_BULLOCKS_STEERS,760.5
1980,QLD,BULLS_BULLOCKS_STEERS,1313.5
1980,SA,BULLS_BULLOCKS_STEERS,214.3
1980,WA,BULLS_BULLOCKS_STEERS,348.9
1980,TAS,BULLS_BULLOCKS_STEERS,95.6
1980,NSW,COWS_HEIFERS,1038.9
1980,VIC,COWS_HEIFERS,713.2
1980,QLD,COWS_HEIFERS,963.9
1980,SA,COWS_HEIFERS,223.7
1980,WA,COWS_HEIFERS,234.6
1980,TAS,COWS_HEIFERS,83.0
1980,NSW,CATTLE,2163.1
1980,VIC,CATTLE,1473.7
1980,QLD,CATTLE,2277.5
1980,SA,CATTLE,438.0
1980,WA,CATTLE,583.5
1980,TAS,CATTLE,178.6
1980,NSW,CALVES,310.5
1980,VIC,CALVES,763.0
1980,QLD,CALVES,328.0
1980,SA,CALVES,63.7
1980,WA,CALVES,26.8
1980,TAS,CALVES,39.5
1980,NSW,SHEEP,4017.9
1980,VIC,SHEEP,4386.3
1980,QLD,SHEEP,798.4
1980,SA,SHEEP,1666.0
1980,WA,SHEEP,2857.0
1980,TAS,SHEEP,316.9
1980,NSW,LAMBS,5716.6
1980,VIC,LAMBS,5945.0
1980,QLD,LAMBS,579.9
1980,SA,LAMBS,1785.0
1980,WA,LAMBS,1555.4
1980,TAS,LAMBS,613.2
1980,NSW,PIGS,1120.2
1980,VIC,PIGS,978.0
1980,QLD,PIGS,813.4
1980,SA,PIGS,471.7
1980,WA,PIGS,381.3
1980,TAS,PIGS,88.7
1981,NSW,BULLS_BULLOCKS_STEERS,967.4
1981,VIC,BULLS_BULLOCKS_STEERS,842.4
1981,QLD,BULLS_BULLOCKS_STEERS,1148.9
1981,SA,BULLS_BULLOCKS_STEERS,228.6
1981,WA,BULLS_BULLOCKS_STEERS,371.9
1981,TAS,BULLS_BULLOCKS_STEERS,95.9
1981,NSW,COWS_HEIFERS,896.0
1981,VIC,COWS_HEIFERS,827.5
1981,QLD,COWS_HEIFERS,747.8
1981,SA,COWS_HEIFERS,244.4
1981,WA,COWS_HEIFERS,260.9
1981,TAS,COWS_HEIFERS,86.1
1981,NSW,CATTLE,1863.5
1981,VIC,CATTLE,1669.9
1981,QLD,CATTLE,1896.7
1981,SA,CATTLE,473.0
1981,WA,CATTLE,632.8
1981,TAS,CATTLE,181.9
1981,NSW,CALVES,320.9
1981,VIC,CALVES,752.9
1981,QLD,CALVES,251.7
1981,SA,CALVES,66.2
1981,WA,CALVES,26.5
1981,TAS,CALVES,42.2
1981,NSW,SHEEP,4164.0
1981,VIC,SHEEP,5123.2
1981,QLD,SHEEP,705.5
1981,SA,SHEEP,1863.8
1981,WA,SHEEP,2911.9
1981,TAS,SHEEP,403.3
1981,NSW,LAMBS,5439.2
1981,VIC,LAMBS,6436.0
1981,QLD,LAMBS,626.2
1981,SA,LAMBS,1685.2
1981,WA,LAMBS,1555.3
1981,TAS,LAMBS,646.7
1981,NSW,PIGS,1167.1
1981,VIC,PIGS,1149.3
1981,QLD,PIGS,838.0
1981,SA,PIGS,519.1
1981,WA,PIGS,425.6
1981,TAS,PIGS,88.6
1982,NSW,BULLS_BULLOCKS_STEERS,887.5
1982,VIC,BULLS_BULLOCKS_STEERS,874.3
1982,QLD,BULLS_BULLOCKS_STEERS,1492.9
1982,SA,BULLS_BULLOCKS_STEERS,252.5
1982,WA,BULLS_BULLOCKS_STEERS,368.1
1982,TAS,BULLS_BULLOCKS_STEERS,106.6
1982,NSW,COWS_HEIFERS,753.0
1982,VIC,COWS_HEIFERS,809.6
1982,QLD,COWS_HEIFERS,865.2
1982,SA,COWS_HEIFERS,252.7
1982,WA,COWS_HEIFERS,268.4
1982,TAS,COWS_HEIFERS,91.5
1982,NSW,CATTLE,1640.5
1982,VIC,CATTLE,1683.9
1982,QLD,CATTLE,2358.0
1982,SA,CATTLE,505.2
1982,WA,CATTLE,636.6
1982,TAS,CATTLE,198.1
1982,NSW,CALVES,265.5
1982,VIC,CALVES,785.1
1982,QLD,CALVES,252.3
1982,SA,CALVES,74.9
1982,WA,CALVES,38.4
1982,TAS,CALVES,53.8
1982,NSW,SHEEP,2475.1
1982,VIC,SHEEP,4005.3
1982,QLD,SHEEP,577.8
1982,SA,SHEEP,1674.2
1982,WA,SHEEP,2628.3
1982,TAS,SHEEP,452.0
1982,NSW,LAMBS,5463.4
1982,VIC,LAMBS,6430.1
1982,QLD,LAMBS,722.0
1982,SA,LAMBS,1664.8
1982,WA,LAMBS,1144.1
1982,TAS,LAMBS,690.7
1982,NSW,PIGS,1061.1
1982,VIC,PIGS,1146.0
1982,QLD,PIGS,812.3
1982,SA,PIGS,527.7
1982,WA,PIGS,407.9
1982,TAS,PIGS,77.2
1983,NSW,BULLS_BULLOCKS_STEERS,899.5
1983,VIC,BULLS_BULLOCKS_STEERS,840.4
1983,QLD,BULLS_BULLOCKS_STEERS,1306.0
1983,SA,BULLS_BULLOCKS_STEERS,275.9
1983,WA,BULLS_BULLOCKS_STEERS,348.0
1983,TAS,BULLS_BULLOCKS_STEERS,109.4
1983,NSW,COWS_HEIFERS,974.0
1983,VIC,COWS_HEIFERS,913.6
1983,QLD,COWS_HEIFERS,871.3
1983,SA,COWS_HEIFERS,262.7
1983,WA,COWS_HEIFERS,275.3
1983,TAS,COWS_HEIFERS,106.5
1983,NSW,CATTLE,1873.6
1983,VIC,CATTLE,1754.0
1983,QLD,CATTLE,2177.2
1983,SA,CATTLE,538.6
1983,WA,CATTLE,623.3
1983,TAS,CATTLE,215.9
1983,NSW,CALVES,363.0
1983,VIC,CALVES,913.1
1983,QLD,CALVES,276.6
1983,SA,CALVES,89.3
1983,WA,CALVES,35.9
1983,TAS,CALVES,59.6
1983,NSW,SHEEP,3044.5
1983,VIC,SHEEP,3650.8
1983,QLD,SHEEP,611.7
1983,SA,SHEEP,2137.9
1983,WA,SHEEP,3086.7
1983,TAS,SHEEP,563.3
1983,NSW,LAMBS,5919.1
1983,VIC,LAMBS,6390.0
1983,QLD,LAMBS,747.3
1983,SA,LAMBS,1934.2
1983,WA,LAMBS,988.8
1983,TAS,LAMBS,764.4
1983,NSW,PIGS,1085.0
1983,VIC,PIGS,1167.4
1983,QLD,PIGS,863.3
1983,SA,PIGS,540.2
1983,WA,PIGS,411.9
1983,TAS,PIGS,77.3
1984,NSW,BULLS_BULLOCKS_STEERS,748.7
1984,VIC,BULLS_BULLOCKS_STEERS,677.3
1984,QLD,BULLS_BULLOCKS_STEERS,1362.6
1984,SA,BULLS_BULLOCKS_STEERS,210.7
1984,WA,BULLS_BULLOCKS_STEERS,273.6
1984,TAS,BULLS_BULLOCKS_STEERS,80.4
1984,NSW,COWS_HEIFERS,642.7
1984,VIC,COWS_HEIFERS,543.3
1984,QLD,COWS_HEIFERS,815.2
1984,SA,COWS_HEIFERS,185.2
1984,WA,COWS_HEIFERS,222.8
1984,TAS,COWS_HEIFERS,73.2
1984,NSW,CATTLE,1391.4
1984,VIC,CATTLE,1220.6
1984,QLD,CATTLE,2177.7
1984,SA,CATTLE,395.9
1984,WA,CATTLE,496.5
1984,TAS,CATTLE,153.6
1984,NSW,CALVES,187.8
1984,VIC,CALVES,770.8
1984,QLD,CALVES,206.6
1984,SA,CALVES,50.5
1984,WA,CALVES,20.6
1984,TAS,CALVES,46.4
1984,NSW,SHEEP,1880.3
1984,VIC,SHEEP,2060.9
1984,QLD,SHEEP,427.8
1984,SA,SHEEP,1091.0
1984,WA,SHEEP,2485.2
1984,TAS,SHEEP,418.9
1984,NSW,LAMBS,6231.3
1984,VIC,LAMBS,6206.9
1984,QLD,LAMBS,882.2
1984,SA,LAMBS,1754.1
1984,WA,LAMBS,1039.8
1984,TAS,LAMBS,756.9
1984,NSW,PIGS,1105.7
1984,VIC,PIGS,1237.1
1984,QLD,PIGS,921.0
1984,SA,PIGS,550.5
1984,WA,PIGS,479.5
1984,TAS,PIGS,80.2
1985,NSW,BULLS_BULLOCKS_STEERS,663.4
1985,VIC,BULLS_BULLOCKS_STEERS,656.1
1985,QLD,BULLS_BULLOCKS_STEERS,1311.0
1985,SA,BULLS_BULLOCKS_STEERS,227.4
1985,WA,BULLS_BULLOCKS_STEERS,274.4
1985,TAS,BULLS_BULLOCKS_STEERS,83.4
1985,NSW,COWS_HEIFERS,644.8
1985,VIC,COWS_HEIFERS,590.6
1985,QLD,COWS_HEIFERS,781.2
1985,SA,COWS_HEIFERS,159.2
1985,WA,COWS_HEIFERS,223.3
1985,TAS,COWS_HEIFERS,63.7
1985,NSW,CATTLE,1308.1
1985,VIC,CATTLE,1246.7
1985,QLD,CATTLE,2092.2
1985,SA,CATTLE,386.6
1985,WA,CATTLE,497.7
1985,TAS,CATTLE,147.1
1985,NSW,CALVES,166.9
1985,VIC,CALVES,723.5
1985,QLD,CALVES,219.0
1985,SA,CALVES,46.8
1985,WA,CALVES,15.8
1985,TAS,CALVES,38.2
1985,NSW,SHEEP,2482.1
1985,VIC,SHEEP,3300.6
1985,QLD,SHEEP,376.5
1985,SA,SHEEP,1659.9
1985,WA,SHEEP,2292.8
1985,TAS,SHEEP,427.3
1985,NSW,LAMBS,5964.2
1985,VIC,LAMBS,6776.7
1985,QLD,LAMBS,848.5
1985,SA,LAMBS,1767.7
1985,WA,LAMBS,1152.2
1985,TAS,LAMBS,683.9
1985,NSW,PIGS,1065.1
1985,VIC,PIGS,1297.6
1985,QLD,PIGS,965.0
1985,SA,PIGS,589.4
1985,WA,PIGS,450.6
1985,TAS,PIGS,83.1
1986,NSW,BULLS_BULLOCKS_STEERS,745.0
1986,VIC,BULLS_BULLOCKS_STEERS,649.5
1986,QLD,BULLS_BULLOCKS_STEERS,1327.5
1986,SA,BULLS_BULLOCKS_STEERS,233.8
1986,WA,BULLS_BULLOCKS_STEERS,253.2
1986,TAS,BULLS_BULLOCKS_STEERS,85.5
1986,NSW,COWS_HEIFERS,774.3
1986,VIC,COWS_HEIFERS,649.3
1986,QLD,COWS_HEIFERS,879.0
1986,SA,COWS_HEIFERS,156.9
1986,WA,COWS_HEIFERS,195.4
1986,TAS,COWS_HEIFERS,57.7
1986,NSW,CATTLE,1519.3
1986,VIC,CATTLE,1298.8
1986,QLD,CATTLE,2206.5
1986,SA,CATTLE,390.7
1986,WA,CATTLE,448.6
1986,TAS,CATTLE,143.2
1986,NSW,CALVES,192.6
1986,VIC,CALVES,745.7
1986,QLD,CALVES,221.6
1986,SA,CALVES,37.7
1986,WA,CALVES,13.1
1986,TAS,CALVES,32.2
1986,NSW,SHEEP,3128.5
1986,VIC,SHEEP,3863.1
1986,QLD,SHEEP,524.7
1986,SA,SHEEP,2026.4
1986,WA,SHEEP,2802.3
1986,TAS,SHEEP,466.6
1986,NSW,LAMBS,6356.6
1986,VIC,LAMBS,7987.1
1986,QLD,LAMBS,887.7
1986,SA,LAMBS,1829.8
1986,WA,LAMBS,1085.0
1986,TAS,LAMBS,665.7
1986,NSW,PIGS,1329.5
1986,VIC,PIGS,1020.0
1986,QLD,PIGS,1008.8
1986,SA,PIGS,588.4
1986,WA,PIGS,462.1
1986,TAS,PIGS,84.4
1987,NSW,BULLS_BULLOCKS_STEERS,818.6
1987,VIC,BULLS_BULLOCKS_STEERS,666.2
1987,QLD,BULLS_BULLOCKS_STEERS,1483.2
1987,SA,BULLS_BULLOCKS_STEERS,264.2
1987,WA,BULLS_BULLOCKS_STEERS,268.8
1987,TAS,BULLS_BULLOCKS_STEERS,103.9
1987,NSW,COWS_HEIFERS,892.2
1987,VIC,COWS_HEIFERS,708.2
1987,QLD,COWS_HEIFERS,971.3
1987,SA,COWS_HEIFERS,166.0
1987,WA,COWS_HEIFERS,200.8
1987,TAS,COWS_HEIFERS,68.9
1987,NSW,CATTLE,1710.8
1987,VIC,CATTLE,1374.4
1987,QLD,CATTLE,2454.5
1987,SA,CATTLE,430.2
1987,WA,CATTLE,469.6
1987,TAS,CATTLE,172.7
1987,NSW,CALVES,225.4
1987,VIC,CALVES,706.6
1987,QLD,CALVES,208.6
1987,SA,CALVES,31.4
1987,WA,CALVES,12.5
1987,TAS,CALVES,32.2
1987,NSW,SHEEP,4247.8
1987,VIC,SHEEP,3857.1
1987,QLD,SHEEP,700.8
1987,SA,SHEEP,2121.9
1987,WA,SHEEP,3043.1
1987,TAS,SHEEP,509.7
1987,NSW,LAMBS,5296.2
1987,VIC,LAMBS,7543.0
1987,QLD,LAMBS,841.1
1987,SA,LAMBS,1886.9
1987,WA,LAMBS,1167.9
1987,TAS,LAMBS,670.6
1987,NSW,PIGS,1509.1
1987,VIC,PIGS,848.8
1987,QLD,PIGS,1075.4
1987,SA,PIGS,642.5
1987,WA,PIGS,502.4
1987,TAS,PIGS,89.6
1988,NSW,BULLS_BULLOCKS_STEERS,988.9
1988,VIC,BULLS_BULLOCKS_STEERS,686.6
1988,QLD,BULLS_BULLOCKS_STEERS,1478.8
1988,SA,BULLS_BULLOCKS_STEERS,282.7
1988,WA,BULLS_BULLOCKS_STEERS,277.2
1988,TAS,BULLS_BULLOCKS_STEERS,105.1
1988,NSW,COWS_HEIFERS,858.4
1988,VIC,COWS_HEIFERS,649.7
1988,QLD,COWS_HEIFERS,1001.8
1988,SA,COWS_HEIFERS,142.2
1988,WA,COWS_HEIFERS,204.4
1988,TAS,COWS_HEIFERS,76.8
1988,NSW,CATTLE,1847.3
1988,VIC,CATTLE,1336.3
1988,QLD,CATTLE,2480.6
1988,SA,CATTLE,424.9
1988,WA,CATTLE,481.7
1988,TAS,CATTLE,181.9
1988,NSW,CALVES,193.1
1988,VIC,CALVES,716.8
1988,QLD,CALVES,192.8
1988,SA,CALVES,28.3
1988,WA,CALVES,12.7
1988,TAS,CALVES,35.6
1988,NSW,SHEEP,4564.7
1988,VIC,SHEEP,3529.7
1988,QLD,SHEEP,695.8
1988,SA,SHEEP,2214.1
1988,WA,SHEEP,3167.4
1988,TAS,SHEEP,630.0
1988,NSW,LAMBS,5112.4
1988,VIC,LAMBS,7111.0
1988,QLD,LAMBS,914.1
1988,SA,LAMBS,1939.6
1988,WA,LAMBS,1141.5
1988,TAS,LAMBS,656.0
1988,NSW,PIGS,1596.0
1988,VIC,PIGS,938.4
1988,QLD,PIGS,1113.5
1988,SA,PIGS,602.2
1988,WA,PIGS,507.6
1988,TAS,PIGS,97.5
1989,NSW,BULLS_BULLOCKS_STEERS,952.2
1989,VIC,BULLS_BULLOCKS_STEERS,749.4
1989,QLD,BULLS_BULLOCKS_STEERS,1393.2
1989,SA,BULLS_BULLOCKS_STEERS,259.4
1989,WA,BULLS_BULLOCKS_STEERS,252.8
1989,TAS,BULLS_BULLOCKS_STEERS,97.2
1989,NSW,COWS_HEIFERS,690.2
1989,VIC,COWS_HEIFERS,550.2
1989,QLD,COWS_HEIFERS,768.9
1989,SA,COWS_HEIFERS,125.4
1989,WA,COWS_HEIFERS,194.0
1989,TAS,COWS_HEIFERS,63.9
1989,NSW,CATTLE,1642.4
1989,VIC,CATTLE,1299.6
1989,QLD,CATTLE,2162.1
1989,SA,CATTLE,384.8
1989,WA,CATTLE,446.8
1989,TAS,CATTLE,161.1
1989,NSW,CALVES,160.2
1989,VIC,CALVES,575.5
1989,QLD,CALVES,157.7
1989,SA,CALVES,23.3
1989,WA,CALVES,11.4
1989,TAS,CALVES,40.5
1989,NSW,SHEEP,3794.5
1989,VIC,SHEEP,3052.9
1989,QLD,SHEEP,635.5
1989,SA,SHEEP,1978.6
1989,WA,SHEEP,2347.8
1989,TAS,SHEEP,412.4
1989,NSW,LAMBS,5234.5
1989,VIC,LAMBS,6264.1
1989,QLD,LAMBS,958.9
1989,SA,LAMBS,1982.2
1989,WA,LAMBS,997.6
1989,TAS,LAMBS,595.0
1989,NSW,PIGS,1600.5
1989,VIC,PIGS,916.6
1989,QLD,PIGS,1157.1
1989,SA,PIGS,658.7
1989,WA,PIGS,502.9
1989,TAS,PIGS,95.5
1990,NSW,BULLS_BULLOCKS_STEERS,1106.0
1990,VIC,BULLS_BULLOCKS_STEERS,798.8
1990,QLD,BULLS_BULLOCKS_STEERS,1553.4
1990,SA,BULLS_BULLOCKS_STEERS,285.2
1990,WA,BULLS_BULLOCKS_STEERS,285.9
1990,TAS,BULLS_BULLOCKS_STEERS,117.0
1990,NSW,COWS_HEIFERS,793.4
1990,VIC,COWS_HEIFERS,611.2
1990,QLD,COWS_HEIFERS,780.8
1990,SA,COWS_HEIFERS,147.8
1990,WA,COWS_HEIFERS,208.7
1990,TAS,COWS_HEIFERS,74.7
1990,NSW,CATTLE,1899.4
1990,VIC,CATTLE,1410.0
1990,QLD,CATTLE,2334.1
1990,SA,CATTLE,433.0
1990,WA,CATTLE,494.6
1990,TAS,CATTLE,191.7
1990,NSW,CALVES,190.0
1990,VIC,CALVES,585.1
1990,QLD,CALVES,144.8
1990,SA,CALVES,23.5
1990,WA,CALVES,11.8
1990,TAS,CALVES,34.9
1990,NSW,SHEEP,5021.3
1990,VIC,SHEEP,3326.0
1990,QLD,SHEEP,766.0
1990,SA,SHEEP,2417.5
1990,WA,SHEEP,3814.6
1990,TAS,SHEEP,532.3
1990,NSW,LAMBS,4989.4
1990,VIC,LAMBS,6199.9
1990,QLD,LAMBS,949.1
1990,SA,LAMBS,2162.9
1990,WA,LAMBS,1469.5
1990,TAS,LAMBS,588.8
1990,NSW,PIGS,1606.9
1990,VIC,PIGS,971.3
1990,QLD,PIGS,1118.8
1990,SA,PIGS,620.7
1990,WA,PIGS,460.9
1990,TAS,PIGS,86.8
1991,NSW,BULLS_BULLOCKS_STEERS,1063.5
1991,VIC,BULLS_BULLOCKS_STEERS,914.0
1991,QLD,BULLS_BULLOCKS_STEERS,1674.6
1991,SA,BULLS_BULLOCKS_STEERS,253.1
1991,WA,BULLS_BULLOCKS_STEERS,253.5
1991,TAS,BULLS_BULLOCKS_STEERS,111.9
1991,NSW,COWS_HEIFERS,901.4
1991,VIC,COWS_HEIFERS,699.4
1991,QLD,COWS_HEIFERS,897.4
1991,SA,COWS_HEIFERS,133.3
1991,WA,COWS_HEIFERS,187.0
1991,TAS,COWS_HEIFERS,79.4
1991,NSW,CATTLE,1965.0
1991,VIC,CATTLE,1613.4
1991,QLD,CATTLE,2572.0
1991,SA,CATTLE,386.4
1991,WA,CATTLE,440.4
1991,TAS,CATTLE,191.3
1991,NSW,CALVES,210.7
1991,VIC,CALVES,615.5
1991,QLD,CALVES,147.0
1991,SA,CALVES,11.1
1991,WA,CALVES,8.8
1991,TAS,CALVES,30.6
1991,NSW,SHEEP,5426.6
1991,VIC,SHEEP,4054.4
1991,QLD,SHEEP,872.4
1991,SA,SHEEP,2966.4
1991,WA,SHEEP,4187.7
1991,TAS,SHEEP,448.3
1991,NSW,LAMBS,4789.9
1991,VIC,LAMBS,6246.3
1991,QLD,LAMBS,992.3
1991,SA,LAMBS,1820.0
1991,WA,LAMBS,1583.1
1991,TAS,LAMBS,555.9
1991,NSW,PIGS,1480.2
1991,VIC,PIGS,1012.7
1991,QLD,PIGS,1139.7
1991,SA,PIGS,598.6
1991,WA,PIGS,466.1
1991,TAS,PIGS,79.9
1992,NSW,BULLS_BULLOCKS_STEERS,1101.1
1992,VIC,BULLS_BULLOCKS_STEERS,798.7
1992,QLD,BULLS_BULLOCKS_STEERS,1680.4
1992,SA,BULLS_BULLOCKS_STEERS,253.0
1992,WA,BULLS_BULLOCKS_STEERS,246.0
1992,TAS,BULLS_BULLOCKS_STEERS,104.7
1992,NSW,COWS_HEIFERS,976.4
1992,VIC,COWS_HEIFERS,788.8
1992,QLD,COWS_HEIFERS,1119.1
1992,SA,COWS_HEIFERS,142.8
1992,WA,COWS_HEIFERS,177.8
1992,TAS,COWS_HEIFERS,93.6
1992,NSW,CATTLE,2077.4
1992,VIC,CATTLE,1587.5
1992,QLD,CATTLE,2799.5
1992,SA,CATTLE,395.8
1992,WA,CATTLE,423.8
1992,TAS,CATTLE,198.3
1992,NSW,CALVES,220.9
1992,VIC,CALVES,639.3
1992,QLD,CALVES,156.8
1992,SA,CALVES,9.4
1992,WA,CALVES,7.2
1992,TAS,CALVES,32.3
1992,NSW,SHEEP,6090.3
1992,VIC,SHEEP,4154.1
1992,QLD,SHEEP,1633.8
1992,SA,SHEEP,3238.1
1992,WA,SHEEP,3016.7
1992,TAS,SHEEP,446.7
1992,NSW,LAMBS,4683.7
1992,VIC,LAMBS,6320.8
1992,QLD,LAMBS,1016.1
1992,SA,LAMBS,1631.0
1992,WA,LAMBS,1238.3
1992,TAS,LAMBS,489.8
1992,NSW,PIGS,1546.0
1992,VIC,PIGS,1211.4
1992,QLD,PIGS,1156.1
1992,SA,PIGS,523.9
1992,WA,PIGS,526.2
1992,TAS,PIGS,84.8
1993,NSW,BULLS_BULLOCKS_STEERS,1072.7
1993,VIC,BULLS_BULLOCKS_STEERS,778.3
1993,QLD,BULLS_BULLOCKS_STEERS,1713.1
1993,SA,BULLS_BULLOCKS_STEERS,258.6
1993,WA,BULLS_BULLOCKS_STEERS,271.9
1993,TAS,BULLS_BULLOCKS_STEERS,99.0
1993,NSW,COWS_HEIFERS,985.5
1993,VIC,COWS_HEIFERS,587.5
1993,QLD,COWS_HEIFERS,1138.3
1993,SA,COWS_HEIFERS,149.7
1993,WA,COWS_HEIFERS,180.5
1993,TAS,COWS_HEIFERS,90.4
1993,NSW,CATTLE,2058.1
1993,VIC,CATTLE,1365.8
1993,QLD,CATTLE,2851.5
1993,SA,CATTLE,408.3
1993,WA,CATTLE,452.3
1993,TAS,CATTLE,189.4
1993,NSW,CALVES,224.2
1993,VIC,CALVES,608.5
1993,QLD,CALVES,153.8
1993,SA,CALVES,9.2
1993,WA,CALVES,4.6
1993,TAS,CALVES,32.7
1993,NSW,SHEEP,5233.6
1993,VIC,SHEEP,3722.6
1993,QLD,SHEEP,1389.2
1993,SA,SHEEP,2769.7
1993,WA,SHEEP,3752.3
1993,TAS,SHEEP,473.4
1993,NSW,LAMBS,4140.2
1993,VIC,LAMBS,6288.1
1993,QLD,LAMBS,648.0
1993,SA,LAMBS,2062.3
1993,WA,LAMBS,1480.8
1993,TAS,LAMBS,456.5
1993,NSW,PIGS,1480.5
1993,VIC,PIGS,1243.0
1993,QLD,PIGS,1155.3
1993,SA,PIGS,568.2
1993,WA,PIGS,567.6
1993,TAS,PIGS,92.5
1994,NSW,BULLS_BULLOCKS_STEERS,1008.5
1994,VIC,BULLS_BULLOCKS_STEERS,772.0
1994,QLD,BULLS_BULLOCKS_STEERS,1700.5
1994,SA,BULLS_BULLOCKS_STEERS,199.0
1994,WA,BULLS_BULLOCKS_STEERS,271.2
1994,TAS,BULLS_BULLOCKS_STEERS,101.8
1994,NSW,COWS_HEIFERS,979.4
1994,VIC,COWS_HEIFERS,622.0
1994,QLD,COWS_HEIFERS,1081.4
1994,SA,COWS_HEIFERS,201.4
1994,WA,COWS_HEIFERS,167.6
1994,TAS,COWS_HEIFERS,85.2
1994,NSW,CATTLE,1987.9
1994,VIC,CATTLE,1393.9
1994,QLD,CATTLE,2781.8
1994,SA,CATTLE,400.3
1994,WA,CATTLE,438.8
1994,TAS,CATTLE,187.0
1994,NSW,CALVES,221.4
1994,VIC,CALVES,583.4
1994,QLD,CALVES,148.7
1994,SA,CALVES,8.8
1994,WA,CALVES,4.4
1994,TAS,CALVES,23.2
1994,NSW,SHEEP,6066.9
1994,VIC,SHEEP,3975.9
1994,QLD,SHEEP,1046.2
1994,SA,SHEEP,3078.3
1994,WA,SHEEP,2952.2
1994,TAS,SHEEP,526.1
1994,NSW,LAMBS,3991.7
1994,VIC,LAMBS,5600.8
1994,QLD,LAMBS,742.5
1994,SA,LAMBS,2363.8
1994,WA,LAMBS,1553.2
1994,TAS,LAMBS,437.8
1994,NSW,PIGS,1490.9
1994,VIC,PIGS,1372.0
1994,QLD,PIGS,1207.9
1994,SA,PIGS,562.1
1994,WA,PIGS,550.4
1994,TAS,PIGS,95.8
1995,NSW,BULLS_BULLOCKS_STEERS,1105.6
1995,VIC,BULLS_BULLOCKS_STEERS,782.7
1995,QLD,BULLS_BULLOCKS_STEERS,1597.1
1995,SA,BULLS_BULLOCKS_STEERS,206.1
1995,WA,BULLS_BULLOCKS_STEERS,244.0
1995,TAS,BULLS_BULLOCKS_STEERS,111.2
1995,NSW,COWS_HEIFERS,943.4
1995,VIC,COWS_HEIFERS,684.6
1995,QLD,COWS_HEIFERS,960.7
1995,SA,COWS_HEIFERS,218.1
1995,WA,COWS_HEIFERS,186.4
1995,TAS,COWS_HEIFERS,96.7
1995,NSW,CATTLE,2049.0
1995,VIC,CATTLE,1467.3
1995,QLD,CATTLE,2557.8
1995,SA,CATTLE,424.3
1995,WA,CATTLE,430.5
1995,TAS,CATTLE,207.9
1995,NSW,CALVES,248.3
1995,VIC,CALVES,635.6
1995,QLD,CALVES,117.1
1995,SA,CALVES,12.0
1995,WA,CALVES,3.8
1995,TAS,CALVES,28.8
1995,NSW,SHEEP,6577.8
1995,VIC,SHEEP,3229.6
1995,QLD,SHEEP,770.9
1995,SA,SHEEP,3114.4
1995,WA,SHEEP,3088.1
1995,TAS,SHEEP,569.3
1995,NSW,LAMBS,4133.7
1995,VIC,LAMBS,6303.2
1995,QLD,LAMBS,608.7
1995,SA,LAMBS,1914.8
1995,WA,LAMBS,1463.7
1995,TAS,LAMBS,477.2
1995,NSW,PIGS,1505.4
1995,VIC,PIGS,1394.8
1995,QLD,PIGS,1154.4
1995,SA,PIGS,469.6
1995,WA,PIGS,604.1
1995,TAS,PIGS,92.9
1996,NSW,BULLS_BULLOCKS_STEERS,1024.0
1996,VIC,BULLS_BULLOCKS_STEERS,946.9
1996,QLD,BULLS_BULLOCKS_STEERS,1505.8
1996,SA,BULLS_BULLOCKS_STEERS,180.4
1996,WA,BULLS_BULLOCKS_STEERS,218.0
1996,TAS,BULLS_BULLOCKS_STEERS,95.4
1996,NSW,COWS_HEIFERS,939.1
1996,VIC,COWS_HEIFERS,576.7
1996,QLD,COWS_HEIFERS,901.2
1996,SA,COWS_HEIFERS,194.1
1996,WA,COWS_HEIFERS,181.9
1996,TAS,COWS_HEIFERS,88.9
1996,NSW,CATTLE,1963.1
1996,VIC,CATTLE,1523.6
1996,QLD,CATTLE,2406.9
1996,SA,CATTLE,374.5
1996,WA,CATTLE,399.9
1996,TAS,CATTLE,184.2
1996,NSW,CALVES,244.2
1996,VIC,CALVES,589.8
1996,QLD,CALVES,91.2
1996,SA,CALVES,12.6
1996,WA,CALVES,3.2
1996,TAS,CALVES,41.4
1996,NSW,SHEEP,5680.4
1996,VIC,SHEEP,2488.0
1996,QLD,SHEEP,727.5
1996,SA,SHEEP,2370.5
1996,WA,SHEEP,2833.3
1996,TAS,SHEEP,349.7
1996,NSW,LAMBS,3417.3
1996,VIC,LAMBS,5897.7
1996,QLD,LAMBS,695.3
1996,SA,LAMBS,1905.2
1996,WA,LAMBS,1594.0
1996,TAS,LAMBS,393.3
1996,NSW,PIGS,1408.0
1996,VIC,PIGS,1335.5
1996,QLD,PIGS,1080.0
1996,SA,PIGS,466.8
1996,WA,PIGS,562.8
1996,TAS,PIGS,86.5
1997,NSW,BULLS_BULLOCKS_STEERS,1073.3
1997,VIC,BULLS_BULLOCKS_STEERS,898.7
1997,QLD,BULLS_BULLOCKS_STEERS,1509.3
1997,SA,BULLS_BULLOCKS_STEERS,171.1
1997,WA,BULLS_BULLOCKS_STEERS,192.3
1997,TAS,BULLS_BULLOCKS_STEERS,109.4
1997,NSW,COWS_HEIFERS,966.9
1997,VIC,COWS_HEIFERS,777.2
1997,QLD,COWS_HEIFERS,1008.5
1997,SA,COWS_HEIFERS,197.6
1997,WA,COWS_HEIFERS,214.5
1997,TAS,COWS_HEIFERS,93.2
1997,NSW,CATTLE,2040.2
1997,VIC,CATTLE,1675.9
1997,QLD,CATTLE,2517.9
1997,SA,CATTLE,368.7
1997,WA,CATTLE,406.8
1997,TAS,CATTLE,202.6
1997,NSW,CALVES,257.4
1997,VIC,CALVES,697.3
1997,QLD,CALVES,120.9
1997,SA,CALVES,15.7
1997,WA,CALVES,5.6
1997,TAS,CALVES,43.5
1997,NSW,SHEEP,5241.3
1997,VIC,SHEEP,2806.6
1997,QLD,SHEEP,977.3
1997,SA,SHEEP,2311.8
1997,WA,SHEEP,2635.2
1997,TAS,SHEEP,367.7
1997,NSW,LAMBS,3621.4
1997,VIC,LAMBS,5978.9
1997,QLD,LAMBS,785.1
1997,SA,LAMBS,1754.0
1997,WA,LAMBS,2081.2
1997,TAS,LAMBS,358.2
1997,NSW,PIGS,1338.4
1997,VIC,PIGS,1397.2
1997,QLD,PIGS,1002.3
1997,SA,PIGS,427.4
1997,WA,PIGS,550.2
1997,TAS,PIGS,73.3
1998,NSW,BULLS_BULLOCKS_STEERS,956.5
1998,VIC,BULLS_BULLOCKS_STEERS,901.4
1998,QLD,BULLS_BULLOCKS_STEERS,1660.9
1998,SA,BULLS_BULLOCKS_STEERS,169.6
1998,WA,BULLS_BULLOCKS_STEERS,196.0
1998,TAS,BULLS_BULLOCKS_STEERS,93.4
1998,NSW,COWS_HEIFERS,1182.1
1998,VIC,COWS_HEIFERS,896.6
1998,QLD,COWS_HEIFERS,1353.7
1998,SA,COWS_HEIFERS,202.8
1998,WA,COWS_HEIFERS,252.1
1998,TAS,COWS_HEIFERS,123.6
1998,NSW,CATTLE,2138.6
1998,VIC,CATTLE,1798.0
1998,QLD,CATTLE,3014.6
1998,SA,CATTLE,372.4
1998,WA,CATTLE,448.1
1998,TAS,CATTLE,217.0
1998,NSW,CALVES,306.2
1998,VIC,CALVES,767.2
1998,QLD,CALVES,114.9
1998,SA,CALVES,20.2
1998,WA,CALVES,5.6
1998,TAS,CALVES,53.9
1998,NSW,SHEEP,5902.7
1998,VIC,SHEEP,3285.6
1998,QLD,SHEEP,1277.1
1998,SA,SHEEP,2655.0
1998,WA,SHEEP,2717.4
1998,TAS,SHEEP,461.0
1998,NSW,LAMBS,3695.2
1998,VIC,LAMBS,6385.7
1998,QLD,LAMBS,765.7
1998,SA,LAMBS,1865.8
1998,WA,LAMBS,1856.5
1998,TAS,LAMBS,423.3
1998,NSW,PIGS,1392.0
1998,VIC,PIGS,1567.7
1998,QLD,PIGS,1082.7
1998,SA,PIGS,413.8
1998,WA,PIGS,550.0
1998,TAS,PIGS,78.1
1999,NSW,BULLS_BULLOCKS_STEERS,780.9
1999,VIC,BULLS_BULLOCKS_STEERS,852.1
1999,QLD,BULLS_BULLOCKS_STEERS,1808.0
1999,SA,BULLS_BULLOCKS_STEERS,123.1
1999,WA,BULLS_BULLOCKS_STEERS,197.9
1999,TAS,BULLS_BULLOCKS_STEERS,94.8
1999,NSW,COWS_HEIFERS,1113.6
1999,VIC,COWS_HEIFERS,899.2
1999,QLD,COWS_HEIFERS,1499.1
1999,SA,COWS_HEIFERS,154.7
1999,WA,COWS_HEIFERS,240.8
1999,TAS,COWS_HEIFERS,116.3
1999,NSW,CATTLE,1894.5
1999,VIC,CATTLE,1751.3
1999,QLD,CATTLE,3307.0
1999,SA,CATTLE,277.8
1999,WA,CATTLE,438.7
1999,TAS,CATTLE,211.1
1999,NSW,CALVES,242.6
1999,VIC,CALVES,714.4
1999,QLD,CALVES,112.3
1999,SA,CALVES,19.9
1999,WA,CALVES,6.4
1999,TAS,CALVES,61.0
1999,NSW,SHEEP,5583.2
1999,VIC,SHEEP,3079.6
1999,QLD,SHEEP,1333.8
1999,SA,SHEEP,2018.3
1999,WA,SHEEP,2672.2
1999,TAS,SHEEP,439.9
1999,NSW,LAMBS,3913.2
1999,VIC,LAMBS,6699.4
1999,QLD,LAMBS,756.5
1999,SA,LAMBS,2153.5
1999,WA,LAMBS,2076.4
1999,TAS,LAMBS,480.1
1999,NSW,PIGS,1347.1
1999,VIC,PIGS,1572.8
1999,QLD,PIGS,1132.4
1999,SA,PIGS,465.8
1999,WA,PIGS,568.7
1999,TAS,PIGS,81.2
2000,NSW,BULLS_BULLOCKS_STEERS,755.4
2000,VIC,BULLS_BULLOCKS_STEERS,710.0
2000,QLD,BULLS_BULLOCKS_STEERS,1958.2
2000,SA,BULLS_BULLOCKS_STEERS,169.5
2000,WA,BULLS_BULLOCKS_STEERS,181.5
2000,TAS,BULLS_BULLOCKS_STEERS,109.0
2000,NSW,COWS_HEIFERS,969.4
2000,VIC,COWS_HEIFERS,813.8
2000,QLD,COWS_HEIFERS,1354.2
2000,SA,COWS_HEIFERS,145.2
2000,WA,COWS_HEIFERS,212.4
2000,TAS,COWS_HEIFERS,108.9
2000,NSW,CATTLE,1724.8
2000,VIC,CATTLE,1523.8
2000,QLD,CATTLE,3312.5
2000,SA,CATTLE,314.7
2000,WA,CATTLE,393.9
2000,TAS,CATTLE,217.9
2000,NSW,CALVES,211.0
2000,VIC,CALVES,678.5
2000,QLD,CALVES,141.7
2000,SA,CALVES,17.6
2000,WA,CALVES,10.5
2000,TAS,CALVES,62.1
2000,NSW,SHEEP,5385.6
2000,VIC,SHEEP,3816.0
2000,QLD,SHEEP,1423.9
2000,SA,SHEEP,1223.8
2000,WA,SHEEP,3418.1
2000,TAS,SHEEP,589.9
2000,NSW,LAMBS,4059.0
2000,VIC,LAMBS,7144.5
2000,QLD,LAMBS,917.6
2000,SA,LAMBS,2634.7
2000,WA,LAMBS,2345.0
2000,TAS,LAMBS,456.3
2000,NSW,PIGS,1408.2
2000,VIC,PIGS,1443.7
2000,QLD,PIGS,1111.2
2000,SA,PIGS,469.2
2000,WA,PIGS,513.9
2000,TAS,PIGS,70.1
2001,NSW,BULLS_BULLOCKS_STEERS,767.1
2001,VIC,BULLS_BULLOCKS_STEERS,632.0
2001,QLD,BULLS_BULLOCKS_STEERS,2266.6
2001,SA,BULLS_BULLOCKS_STEERS,179.7
2001,WA,BULLS_BULLOCKS_STEERS,187.0
2001,TAS,BULLS_BULLOCKS_STEERS,90.2
2001,NSW,COWS_HEIFERS,1060.8
2001,VIC,COWS_HEIFERS,891.9
2001,QLD,COWS_HEIFERS,1390.1
2001,SA,COWS_HEIFERS,137.0
2001,WA,COWS_HEIFERS,228.4
2001,TAS,COWS_HEIFERS,94.2
2001,NSW,CATTLE,1827.9
2001,VIC,CATTLE,1523.9
2001,QLD,CATTLE,3656.6
2001,SA,CATTLE,316.7
2001,WA,CATTLE,415.4
2001,TAS,CATTLE,184.4
2001,NSW,CALVES,226.0
2001,VIC,CALVES,608.9
2001,QLD,CALVES,135.1
2001,SA,CALVES,11.6
2001,WA,CALVES,5.6
2001,TAS,CALVES,49.7
2001,NSW,SHEEP,5857.6
2001,VIC,SHEEP,4193.3
2001,QLD,SHEEP,1489.2
2001,SA,SHEEP,1488.2
2001,WA,SHEEP,3235.0
2001,TAS,SHEEP,364.7
2001,NSW,LAMBS,4203.2
2001,VIC,LAMBS,8090.0
2001,QLD,LAMBS,1024.1
2001,SA,LAMBS,2875.1
2001,WA,LAMBS,2020.0
2001,TAS,LAMBS,416.1
2001,NSW,PIGS,1739.5
2001,VIC,PIGS,1065.6
2001,QLD,PIGS,1078.4
2001,SA,PIGS,525.7
2001,WA,PIGS,542.6
2001,TAS,PIGS,57.6
2002,NSW,BULLS_BULLOCKS_STEERS,820.5
2002,VIC,BULLS_BULLOCKS_STEERS,630.6
2002,QLD,BULLS_BULLOCKS_STEERS,2150.0
2002,SA,BULLS_BULLOCKS_STEERS,182.0
2002,WA,BULLS_BULLOCKS_STEERS,137.7
2002,TAS,BULLS_BULLOCKS_STEERS,80.6
2002,NSW,COWS_HEIFERS,992.1
2002,VIC,COWS_HEIFERS,800.6
2002,QLD,COWS_HEIFERS,1364.2
2002,SA,COWS_HEIFERS,150.6
2002,WA,COWS_HEIFERS,230.6
2002,TAS,COWS_HEIFERS,79.4
2002,NSW,CATTLE,1812.6
2002,VIC,CATTLE,1431.1
2002,QLD,CATTLE,3514.1
2002,SA,CATTLE,332.6
2002,WA,CATTLE,368.3
2002,TAS,CATTLE,160.0
2002,NSW,CALVES,205.7
2002,VIC,CALVES,597.0
2002,QLD,CALVES,99.7
2002,SA,CALVES,9.6
2002,WA,CALVES,6.0
2002,TAS,CALVES,44.6
2002,NSW,SHEEP,5712.7
2002,VIC,SHEEP,3819.5
2002,QLD,SHEEP,1334.0
2002,SA,SHEEP,1337.7
2002,WA,SHEEP,1961.3
2002,TAS,SHEEP,275.8
2002,NSW,LAMBS,4558.8
2002,VIC,LAMBS,6997.4
2002,QLD,LAMBS,627.6
2002,SA,LAMBS,2933.4
2002,WA,LAMBS,1856.6
2002,TAS,LAMBS,426.4
2002,NSW,PIGS,1885.0
2002,VIC,PIGS,1042.1
2002,QLD,PIGS,1133.7
2002,SA,PIGS,690.0
2002,WA,PIGS,591.4
2002,TAS,PIGS,53.1
2003,NSW,BULLS_BULLOCKS_STEERS,961.6
2003,VIC,BULLS_BULLOCKS_STEERS,630.0
2003,QLD,BULLS_BULLOCKS_STEERS,1993.7
2003,SA,BULLS_BULLOCKS_STEERS,166.6
2003,WA,BULLS_BULLOCKS_STEERS,173.4
2003,TAS,BULLS_BULLOCKS_STEERS,79.9
2003,NSW,COWS_HEIFERS,968.9
2003,VIC,COWS_HEIFERS,1020.5
2003,QLD,COWS_HEIFERS,1521.6
2003,SA,COWS_HEIFERS,192.5
2003,WA,COWS_HEIFERS,255.9
2003,TAS,COWS_HEIFERS,112.9
2003,NSW,CATTLE,1930.5
2003,VIC,CATTLE,1650.4
2003,QLD,CATTLE,3515.2
2003,SA,CATTLE,359.1
2003,WA,CATTLE,429.3
2003,TAS,CATTLE,192.8
2003,NSW,CALVES,246.1
2003,VIC,CALVES,749.3
2003,QLD,CALVES,92.1
2003,SA,CALVES,11.0
2003,WA,CALVES,5.3
2003,TAS,CALVES,41.2
2003,NSW,SHEEP,5282.2
2003,VIC,SHEEP,3641.2
2003,QLD,SHEEP,1142.0
2003,SA,SHEEP,1431.8
2003,WA,SHEEP,1771.8
2003,TAS,SHEEP,388.3
2003,NSW,LAMBS,4388.8
2003,VIC,LAMBS,6904.8
2003,QLD,LAMBS,340.3
2003,SA,LAMBS,2841.1
2003,WA,LAMBS,2021.0
2003,TAS,LAMBS,374.0
2003,NSW,PIGS,1860.6
2003,VIC,PIGS,1033.2
2003,QLD,PIGS,1234.8
2003,SA,PIGS,884.1
2003,WA,PIGS,672.3
2003,TAS,PIGS,47.7
2004,NSW,BULLS_BULLOCKS_STEERS,794.0
2004,VIC,BULLS_BULLOCKS_STEERS,613.5
2004,QLD,BULLS_BULLOCKS_STEERS,2049.9
2004,SA,BULLS_BULLOCKS_STEERS,178.6
2004,WA,BULLS_BULLOCKS_STEERS,200.4
2004,TAS,BULLS_BULLOCKS_STEERS,98.3
2004,NSW,COWS_HEIFERS,822.2
2004,VIC,COWS_HEIFERS,943.1
2004,QLD,COWS_HEIFERS,1514.4
2004,SA,COWS_HEIFERS,164.4
2004,WA,COWS_HEIFERS,262.5
2004,TAS,COWS_HEIFERS,106.5
2004,NSW,CATTLE,1616.1
2004,VIC,CATTLE,1556.6
2004,QLD,CATTLE,3564.2
2004,SA,CATTLE,342.9
2004,WA,CATTLE,462.9
2004,TAS,CATTLE,204.7
2004,NSW,CALVES,221.9
2004,VIC,CALVES,659.2
2004,QLD,CALVES,84.7
2004,SA,CALVES,7.2
2004,WA,CALVES,4.7
2004,TAS,CALVES,47.3
2004,NSW,SHEEP,3310.0
2004,VIC,SHEEP,3078.9
2004,QLD,SHEEP,892.8
2004,SA,SHEEP,947.5
2004,WA,SHEEP,1845.4
2004,TAS,SHEEP,346.3
2004,NSW,LAMBS,4047.4
2004,VIC,LAMBS,6471.4
2004,QLD,LAMBS,261.5
2004,SA,LAMBS,2970.6
2004,WA,LAMBS,2391.8
2004,TAS,LAMBS,419.2
2004,NSW,PIGS,1751.1
2004,VIC,PIGS,973.1
2004,QLD,PIGS,1318.1
2004,SA,PIGS,820.9
2004,WA,PIGS,674.4
2004,TAS,PIGS,44.2
2005,NSW,BULLS_BULLOCKS_STEERS,925.8
2005,VIC,BULLS_BULLOCKS_STEERS,600.2
2005,QLD,BULLS_BULLOCKS_STEERS,2330.6
2005,SA,BULLS_BULLOCKS_STEERS,191.1
2005,WA,BULLS_BULLOCKS_STEERS,228.7
2005,TAS,BULLS_BULLOCKS_STEERS,109.2
2005,NSW,COWS_HEIFERS,774.6
2005,VIC,COWS_HEIFERS,915.5
2005,QLD,COWS_HEIFERS,1359.8
2005,SA,COWS_HEIFERS,168.0
2005,WA,COWS_HEIFERS,281.8
2005,TAS,COWS_HEIFERS,94.9
2005,NSW,CATTLE,1700.4
2005,VIC,CATTLE,1515.7
2005,QLD,CATTLE,3690.5
2005,SA,CATTLE,359.1
2005,WA,CATTLE,510.5
2005,TAS,CATTLE,204.1
2005,NSW,CALVES,201.2
2005,VIC,CALVES,539.0
2005,QLD,CALVES,73.3
2005,SA,CALVES,5.3
2005,WA,CALVES,4.3
2005,TAS,CALVES,44.1
2005,NSW,SHEEP,3548.4
2005,VIC,SHEEP,3465.4
2005,QLD,SHEEP,918.9
2005,SA,SHEEP,979.1
2005,WA,SHEEP,2205.2
2005,TAS,SHEEP,325.6
2005,NSW,LAMBS,4110.4
2005,VIC,LAMBS,6787.1
2005,QLD,LAMBS,287.2
2005,SA,LAMBS,3236.2
2005,WA,LAMBS,2466.7
2005,TAS,LAMBS,442.9
2005,NSW,PIGS,1614.6
2005,VIC,PIGS,847.3
2005,QLD,PIGS,1285.4
2005,SA,PIGS,894.8
2005,WA,PIGS,647.0
2005,TAS,PIGS,45.6
2006,NSW,BULLS_BULLOCKS_STEERS,915.3
2006,VIC,BULLS_BULLOCKS_STEERS,577.7
2006,QLD,BULLS_BULLOCKS_STEERS,2299.0
2006,SA,BULLS_BULLOCKS_STEERS,176.8
2006,WA,BULLS_BULLOCKS_STEERS,187.4
2006,TAS,BULLS_BULLOCKS_STEERS,81.1
2006,NSW,COWS_HEIFERS,675.0
2006,VIC,COWS_HEIFERS,803.6
2006,QLD,COWS_HEIFERS,1347.9
2006,SA,COWS_HEIFERS,148.0
2006,WA,COWS_HEIFERS,246.6
2006,TAS,COWS_HEIFERS,116.2
2006,NSW,CATTLE,1590.3
2006,VIC,CATTLE,1381.3
2006,QLD,CATTLE,3646.9
2006,SA,CATTLE,324.8
2006,WA,CATTLE,434.0
2006,TAS,CATTLE,197.3
2006,NSW,CALVES,204.6
2006,VIC,CALVES,505.2
2006,QLD,CALVES,62.3
2006,SA,CALVES,4.4
2006,WA,CALVES,3.7
2006,TAS,CALVES,40.2
2006,NSW,SHEEP,3707.5
2006,VIC,SHEEP,3722.0
2006,QLD,SHEEP,940.0
2006,SA,SHEEP,1061.9
2006,WA,SHEEP,2120.6
2006,TAS,SHEEP,277.7
2006,NSW,LAMBS,4227.3
2006,VIC,LAMBS,7613.5
2006,QLD,LAMBS,283.6
2006,SA,LAMBS,3231.2
2006,WA,LAMBS,2798.4
2006,TAS,LAMBS,511.6
2006,NSW,PIGS,1633.1
2006,VIC,PIGS,777.8
2006,QLD,PIGS,1292.9
2006,SA,PIGS,1018.9
2006,WA,PIGS,599.2
2006,TAS,PIGS,41.8
2007,NSW,BULLS_BULLOCKS_STEERS,941.3
2007,VIC,BULLS_BULLOCKS_STEERS,634.5
2007,QLD,BULLS_BULLOCKS_STEERS,2357.2
2007,SA,BULLS_BULLOCKS_STEERS,179.4
2007,WA,BULLS_BULLOCKS_STEERS,189.0
2007,TAS,BULLS_BULLOCKS_STEERS,88.5
2007,NSW,COWS_HEIFERS,808.7
2007,VIC,COWS_HEIFERS,932.7
2007,QLD,COWS_HEIFERS,1474.1
2007,SA,COWS_HEIFERS,162.5
2007,WA,COWS_HEIFERS,259.7
2007,TAS,COWS_HEIFERS,129.1
2007,NSW,CATTLE,1750.0
2007,VIC,CATTLE,1567.2
2007,QLD,CATTLE,3831.3
2007,SA,CATTLE,341.9
2007,WA,CATTLE,448.7
2007,TAS,CATTLE,217.5
2007,NSW,CALVES,232.1
2007,VIC,CALVES,574.7
2007,QLD,CALVES,61.9
2007,SA,CALVES,4.9
2007,WA,CALVES,3.7
2007,TAS,CALVES,40.8
2007,NSW,SHEEP,3888.6
2007,VIC,SHEEP,3978.0
2007,QLD,SHEEP,1000.2
2007,SA,SHEEP,1414.0
2007,WA,SHEEP,2613.8
2007,TAS,SHEEP,376.5
2007,NSW,LAMBS,4457.5
2007,VIC,LAMBS,9099.9
2007,QLD,LAMBS,327.0
2007,SA,LAMBS,3251.5
2007,WA,LAMBS,2523.2
2007,TAS,LAMBS,499.3
2007,NSW,PIGS,1601.4
2007,VIC,PIGS,788.0
2007,QLD,PIGS,1269.7
2007,SA,PIGS,1047.3
2007,WA,PIGS,568.1
2007,TAS,PIGS,42.7
2008,NSW,BULLS_BULLOCKS_STEERS,917.1
2008,VIC,BULLS_BULLOCKS_STEERS,577.0
2008,QLD,BULLS_BULLOCKS_STEERS,2170.0
2008,SA,BULLS_BULLOCKS_STEERS,161.0
2008,WA,BULLS_BULLOCKS_STEERS,207.9
2008,TAS,BULLS_BULLOCKS_STEERS,76.8
2008,NSW,COWS_HEIFERS,846.7
2008,VIC,COWS_HEIFERS,939.7
2008,QLD,COWS_HEIFERS,1383.2
2008,SA,COWS_HEIFERS,146.7
2008,WA,COWS_HEIFERS,271.9
2008,TAS,COWS_HEIFERS,135.4
2008,NSW,CATTLE,1763.8
2008,VIC,CATTLE,1516.7
2008,QLD,CATTLE,3553.2
2008,SA,CATTLE,307.7
2008,WA,CATTLE,479.8
2008,TAS,CATTLE,212.2
2008,NSW,CALVES,175.6
2008,VIC,CALVES,567.6
2008,QLD,CALVES,45.9
2008,SA,CALVES,3.7
2008,WA,CALVES,2.4
2008,TAS,CALVES,50.9
2008,NSW,SHEEP,2714.6
2008,VIC,SHEEP,3395.9
2008,QLD,SHEEP,723.5
2008,SA,SHEEP,1232.2
2008,WA,SHEEP,2775.4
2008,TAS,SHEEP,316.4
2008,NSW,LAMBS,4541.7
2008,VIC,LAMBS,9058.4
2008,QLD,LAMBS,402.1
2008,SA,LAMBS,3665.7
2008,WA,LAMBS,2371.7
2008,TAS,LAMBS,489.7
2008,NSW,PIGS,1491.6
2008,VIC,PIGS,675.0
2008,QLD,PIGS,1275.7
2008,SA,PIGS,1139.3
2008,WA,PIGS,549.8
2008,TAS,PIGS,40.0
2009,NSW,BULLS_BULLOCKS_STEERS,881.4
2009,VIC,BULLS_BULLOCKS_STEERS,504.6
2009,QLD,BULLS_BULLOCKS_STEERS,2126.0
2009,SA,BULLS_BULLOCKS_STEERS,159.3
2009,WA,BULLS_BULLOCKS_STEERS,205.0
2009,TAS,BULLS_BULLOCKS_STEERS,69.8
2009,NSW,COWS_HEIFERS,918.4
2009,VIC,COWS_HEIFERS,1072.9
2009,QLD,COWS_HEIFERS,1304.7
2009,SA,COWS_HEIFERS,137.5
2009,WA,COWS_HEIFERS,272.8
2009,TAS,COWS_HEIFERS,136.7
2009,NSW,CATTLE,1799.8
2009,VIC,CATTLE,1577.5
2009,QLD,CATTLE,3430.7
2009,SA,CATTLE,296.9
2009,WA,CATTLE,477.8
2009,TAS,CATTLE,206.5
2009,NSW,CALVES,139.8
2009,VIC,CALVES,550.9
2009,QLD,CALVES,40.8
2009,SA,CALVES,5.1
2009,WA,CALVES,2.8
2009,TAS,CALVES,54.6
2009,NSW,SHEEP,3017.2
2009,VIC,SHEEP,3203.9
2009,QLD,SHEEP,666.0
2009,SA,SHEEP,1310.5
2009,WA,SHEEP,2077.1
2009,TAS,SHEEP,226.2
2009,NSW,LAMBS,4595.0
2009,VIC,LAMBS,8718.7
2009,QLD,LAMBS,328.8
2009,SA,LAMBS,3729.7
2009,WA,LAMBS,2571.8
2009,TAS,LAMBS,450.6
2009,NSW,PIGS,1012.7
2009,VIC,PIGS,719.6
2009,QLD,PIGS,1128.6
2009,SA,PIGS,1041.9
2009,WA,PIGS,539.4
2009,TAS,PIGS,34.1
2010,NSW,BULLS_BULLOCKS_STEERS,896.9
2010,VIC,BULLS_BULLOCKS_STEERS,533.6
2010,QLD,BULLS_BULLOCKS_STEERS,2065.2
2010,SA,BULLS_BULLOCKS_STEERS,203.3
2010,WA,BULLS_BULLOCKS_STEERS,151.8
2010,TAS,BULLS_BULLOCKS_STEERS,72.1
2010,NSW,COWS_HEIFERS,775.0
2010,VIC,COWS_HEIFERS,855.9
2010,QLD,COWS_HEIFERS,1332.9
2010,SA,COWS_HEIFERS,162.9
2010,WA,COWS_HEIFERS,295.5
2010,TAS,COWS_HEIFERS,115.4
2010,NSW,CATTLE,1671.9
2010,VIC,CATTLE,1389.6
2010,QLD,CATTLE,3398.1
2010,SA,CATTLE,366.2
2010,WA,CATTLE,447.3
2010,TAS,CATTLE,187.5
2010,NSW,CALVES,266.7
2010,VIC,CALVES,442.3
2010,QLD,CALVES,134.8
2010,SA,CALVES,3.9
2010,WA,CALVES,2.6
2010,TAS,CALVES,52.9
2010,NSW,SHEEP,1973.9
2010,VIC,SHEEP,2543.1
2010,QLD,SHEEP,381.2
2010,SA,SHEEP,945.7
2010,WA,SHEEP,1351.7
2010,TAS,SHEEP,137.3
2010,NSW,LAMBS,4697.7
2010,VIC,LAMBS,8231.0
2010,QLD,LAMBS,255.4
2010,SA,LAMBS,3750.9
2010,WA,LAMBS,2135.0
2010,TAS,LAMBS,408.0
2010,NSW,PIGS,973.5
2010,VIC,PIGS,766.0
2010,QLD,PIGS,1125.3
2010,SA,PIGS,1173.1
2010,WA,PIGS,491.6
2010,TAS,PIGS,31.4
2011,NSW,BULLS_BULLOCKS_STEERS,894.4
2011,VIC,BULLS_BULLOCKS_STEERS,562.5
2011,QLD,BULLS_BULLOCKS_STEERS,2108.9
2011,SA,BULLS_BULLOCKS_STEERS,211.2
2011,WA,BULLS_BULLOCKS_STEERS,174.0
2011,TAS,BULLS_BULLOCKS_STEERS,82.2
2011,NSW,COWS_HEIFERS,710.7
2011,VIC,COWS_HEIFERS,739.1
2011,QLD,COWS_HEIFERS,1353.4
2011,SA,COWS_HEIFERS,152.9
2011,WA,COWS_HEIFERS,270.5
2011,TAS,COWS_HEIFERS,108.6
2011,NSW,CATTLE,1605.1
2011,VIC,CATTLE,1301.6
2011,QLD,CATTLE,3462.4
2011,SA,CATTLE,364.2
2011,WA,CATTLE,444.5
2011,TAS,CATTLE,190.8
2011,NSW,CALVES,218.2
2011,VIC,CALVES,339.1
2011,QLD,CALVES,118.3
2011,SA,CALVES,2.4
2011,WA,CALVES,2.0
2011,TAS,CALVES,48.7
2011,NSW,SHEEP,911.4
2011,VIC,SHEEP,1932.8
2011,QLD,SHEEP,390.2
2011,SA,SHEEP,760.4
2011,WA,SHEEP,1282.1
2011,TAS,SHEEP,63.7
2011,NSW,LAMBS,4301.8
2011,VIC,LAMBS,7553.5
2011,QLD,LAMBS,209.4
2011,SA,LAMBS,3419.2
2011,WA,LAMBS,2056.7
2011,TAS,LAMBS,339.4
2011,NSW,PIGS,886.1
2011,VIC,PIGS,905.5
2011,QLD,PIGS,1083.2
2011,SA,PIGS,1225.3
2011,WA,PIGS,506.9
2011,TAS,PIGS,36.0
2012,NSW,BULLS_BULLOCKS_STEERS,898.6
2012,VIC,BULLS_BULLOCKS_STEERS,536.3
2012,QLD,BULLS_BULLOCKS_STEERS,2206.1
2012,SA,BULLS_BULLOCKS_STEERS,213.8
2012,WA,BULLS_BULLOCKS_STEERS,188.3
2012,TAS,BULLS_BULLOCKS_STEERS,67.7
2012,NSW,COWS_HEIFERS,643.9
2012,VIC,COWS_HEIFERS,722.6
2012,QLD,COWS_HEIFERS,1244.8
2012,SA,COWS_HEIFERS,159.3
2012,WA,COWS_HEIFERS,204.2
2012,TAS,COWS_HEIFERS,115.6
2012,NSW,CATTLE,1542.5
2012,VIC,CATTLE,1258.9
2012,QLD,CATTLE,3450.9
2012,SA,CATTLE,373.1
2012,WA,CATTLE,392.5
2012,TAS,CATTLE,183.3
2012,NSW,CALVES,205.7
2012,VIC,CALVES,314.3
2012,QLD,CALVES,104.1
2012,SA,CALVES,2.1
2012,WA,CALVES,1.5
2012,TAS,CALVES,43.8
2012,NSW,SHEEP,998.9
2012,VIC,SHEEP,2061.1
2012,QLD,SHEEP,422.5
2012,SA,SHEEP,835.2
2012,WA,SHEEP,742.5
2012,TAS,SHEEP,114.6
2012,NSW,LAMBS,4683.8
2012,VIC,LAMBS,8222.8
2012,QLD,LAMBS,272.8
2012,SA,LAMBS,3520.7
2012,WA,LAMBS,1733.1
2012,TAS,LAMBS,446.2
2012,NSW,PIGS,941.5
2012,VIC,PIGS,923.7
2012,QLD,PIGS,1089.4
2012,SA,PIGS,1233.3
2012,WA,PIGS,509.7
2012,TAS,PIGS,34.8
2013,NSW,BULLS_BULLOCKS_STEERS,931.5
2013,VIC,BULLS_BULLOCKS_STEERS,583.2
2013,QLD,BULLS_BULLOCKS_STEERS,2282.9
2013,SA,BULLS_BULLOCKS_STEERS,217.7
2013,WA,BULLS_BULLOCKS_STEERS,192.0
2013,TAS,BULLS_BULLOCKS_STEERS,57.4
2013,NSW,COWS_HEIFERS,740.1
2013,VIC,COWS_HEIFERS,827.9
2013,QLD,COWS_HEIFERS,1435.2
2013,SA,COWS_HEIFERS,198.6
2013,WA,COWS_HEIFERS,199.4
2013,TAS,COWS_HEIFERS,145.2
2013,NSW,CATTLE,1671.6
2013,VIC,CATTLE,1411.1
2013,QLD,CATTLE,3718.0
2013,SA,CATTLE,416.3
2013,WA,CATTLE,391.4
2013,TAS,CATTLE,202.6
2013,NSW,CALVES,200.3
2013,VIC,CALVES,300.6
2013,QLD,CALVES,92.4
2013,SA,CALVES,3.2
2013,WA,CALVES,1.4
2013,TAS,CALVES,48.0
2013,NSW,SHEEP,2090.5
2013,VIC,SHEEP,2744.2
2013,QLD,SHEEP,454.0
2013,SA,SHEEP,1202.1
2013,WA,SHEEP,1430.7
2013,TAS,SHEEP,270.9
2013,NSW,LAMBS,4794.4
2013,VIC,LAMBS,9764.8
2013,QLD,LAMBS,360.3
2013,SA,LAMBS,3678.8
2013,WA,LAMBS,1907.5
2013,TAS,LAMBS,615.9
2013,NSW,PIGS,937.2
2013,VIC,PIGS,929.5
2013,QLD,PIGS,1106.9
2013,SA,PIGS,1213.5
2013,WA,PIGS,523.7
2013,TAS,PIGS,34.7
2014,NSW,BULLS_BULLOCKS_STEERS,986.3
2014,VIC,BULLS_BULLOCKS_STEERS,690.4
2014,QLD,BULLS_BULLOCKS_STEERS,2287.0
2014,SA,BULLS_BULLOCKS_STEERS,235.9
2014,WA,BULLS_BULLOCKS_STEERS,203.5
2014,TAS,BULLS_BULLOCKS_STEERS,73.1
2014,NSW,COWS_HEIFERS,904.3
2014,VIC,COWS_HEIFERS,1060.9
2014,QLD,COWS_HEIFERS,1772.5
2014,SA,COWS_HEIFERS,190.1
2014,WA,COWS_HEIFERS,207.9
2014,TAS,COWS_HEIFERS,152.1
2014,NSW,CATTLE,1890.6
2014,VIC,CATTLE,1751.3
2014,QLD,CATTLE,4059.5
2014,SA,CATTLE,426.1
2014,WA,CATTLE,411.4
2014,TAS,CATTLE,225.2
2014,NSW,CALVES,208.7
2014,VIC,CALVES,343.6
2014,QLD,CALVES,98.6
2014,SA,CALVES,3.5
2014,WA,CALVES,1.6
2014,TAS,CALVES,52.7
2014,NSW,SHEEP,2463.7
2014,VIC,SHEEP,3649.8
2014,QLD,SHEEP,580.0
2014,SA,SHEEP,1557.3
2014,WA,SHEEP,1562.2
2014,TAS,SHEEP,253.3
2014,NSW,LAMBS,4880.4
2014,VIC,LAMBS,9854.0
2014,QLD,LAMBS,405.5
2014,SA,LAMBS,3611.4
2014,WA,LAMBS,2386.4
2014,TAS,LAMBS,761.5
2014,NSW,PIGS,872.5
2014,VIC,PIGS,1016.3
2014,QLD,PIGS,1086.0
2014,SA,PIGS,1233.5
2014,WA,PIGS,533.2
2014,TAS,PIGS,36.6
2015,NSW,BULLS_BULLOCKS_STEERS,1039.0
2015,VIC,BULLS_BULLOCKS_STEERS,831.0
2015,QLD,BULLS_BULLOCKS_STEERS,2261.6
2015,SA,BULLS_BULLOCKS_STEERS,239.0
2015,WA,BULLS_BULLOCKS_STEERS,212.1
2015,TAS,BULLS_BULLOCKS_STEERS,76.5
2015,NSW,COWS_HEIFERS,1011.5
2015,VIC,COWS_HEIFERS,1108.8
2015,QLD,COWS_HEIFERS,2036.1
2015,SA,COWS_HEIFERS,233.4
2015,WA,COWS_HEIFERS,212.1
2015,TAS,COWS_HEIFERS,158.9
2015,NSW,CATTLE,2050.5
2015,VIC,CATTLE,1939.8
2015,QLD,CATTLE,4297.7
2015,SA,CATTLE,472.4
2015,WA,CATTLE,424.2
2015,TAS,CATTLE,235.4
2015,NSW,CALVES,186.4
2015,VIC,CALVES,348.5
2015,QLD,CALVES,90.7
2015,SA,CALVES,3.3
2015,WA,CALVES,1.0
2015,TAS,CALVES,53.3
2015,NSW,SHEEP,2123.7
2015,VIC,SHEEP,3534.6
2015,QLD,SHEEP,469.6
2015,SA,SHEEP,1340.0
2015,WA,SHEEP,1327.0
2015,TAS,SHEEP,226.9
2015,NSW,LAMBS,5224.3
2015,VIC,LAMBS,10440.0
2015,QLD,LAMBS,312.6
2015,SA,LAMBS,3756.7
2015,WA,LAMBS,2353.4
2015,TAS,LAMBS,779.5
2015,NSW,PIGS,843.6
2015,VIC,PIGS,1131.0
2015,QLD,PIGS,1102.4
2015,SA,PIGS,1210.0
2015,WA,PIGS,601.9
2015,TAS,PIGS,35.2
2016,NSW,BULLS_BULLOCKS_STEERS,892.8
2016,VIC,BULLS_BULLOCKS_STEERS,637.8
2016,QLD,BULLS_BULLOCKS_STEERS,2194.8
2016,SA,BULLS_BULLOCKS_STEERS,229.0
2016,WA,BULLS_BULLOCKS_STEERS,209.7
2016,TAS,BULLS_BULLOCKS_STEERS,91.3
2016,NSW,COWS_HEIFERS,897.5
2016,VIC,COWS_HEIFERS,962.4
2016,QLD,COWS_HEIFERS,1532.4
2016,SA,COWS_HEIFERS,206.0
2016,WA,COWS_HEIFERS,197.6
2016,TAS,COWS_HEIFERS,137.6
2016,NSW,CATTLE,1790.3
2016,VIC,CATTLE,1600.2
2016,QLD,CATTLE,3727.2
2016,SA,CATTLE,435.1
2016,WA,CATTLE,407.2
2016,TAS,CATTLE,228.8
2016,NSW,CALVES,104.1
2016,VIC,CALVES,384.7
2016,QLD,CALVES,64.1
2016,SA,CALVES,1.5
2016,WA,CALVES,1.0
2016,TAS,CALVES,52.4
2016,NSW,SHEEP,1624.6
2016,VIC,SHEEP,3375.9
2016,QLD,SHEEP,384.3
2016,SA,SHEEP,1177.6
2016,WA,SHEEP,1358.0
2016,TAS,SHEEP,206.3
2016,NSW,LAMBS,5178.1
2016,VIC,LAMBS,10275.1
2016,QLD,LAMBS,318.1
2016,SA,LAMBS,3875.8
2016,WA,LAMBS,2753.2
2016,TAS,LAMBS,730.9
2016,NSW,PIGS,802.9
2016,VIC,PIGS,1136.6
2016,QLD,PIGS,1134.6
2016,SA,PIGS,1214.3
2016,WA,PIGS,676.8
2016,TAS,PIGS,34.3
2017,NSW,BULLS_BULLOCKS_STEERS,800.7
2017,VIC,BULLS_BULLOCKS_STEERS,523.2
2017,QLD,BULLS_BULLOCKS_STEERS,1978.4
2017,SA,BULLS_BULLOCKS_STEERS,222.3
2017,WA,BULLS_BULLOCKS_STEERS,200.2
2017,TAS,BULLS_BULLOCKS_STEERS,76.5
2017,NSW,COWS_HEIFERS,701.8
2017,VIC,COWS_HEIFERS,697.6
2017,QLD,COWS_HEIFERS,1359.7
2017,SA,COWS_HEIFERS,137.6
2017,WA,COWS_HEIFERS,172.5
2017,TAS,COWS_HEIFERS,110.9
2017,NSW,CATTLE,1502.5
2017,VIC,CATTLE,1220.8
2017,QLD,CATTLE,3338.1
2017,SA,CATTLE,359.9
2017,WA,CATTLE,372.7
2017,TAS,CATTLE,187.4
2017,NSW,CALVES,75.1
2017,VIC,CALVES,270.5
2017,QLD,CALVES,50.2
2017,SA,CALVES,1.2
2017,WA,CALVES,1.2
2017,TAS,CALVES,43.7
2017,NSW,SHEEP,1776.0
2017,VIC,SHEEP,2671.8
2017,QLD,SHEEP,11.4
2017,SA,SHEEP,1053.0
2017,WA,SHEEP,941.0
2017,TAS,SHEEP,99.7
2017,NSW,LAMBS,5091.2
2017,VIC,LAMBS,10364.9
2017,QLD,LAMBS,68.3
2017,SA,LAMBS,3442.6
2017,WA,LAMBS,2876.0
2017,TAS,LAMBS,501.0
2017,NSW,PIGS,869.1
2017,VIC,PIGS,1164.5
2017,QLD,PIGS,1068.9
2017,SA,PIGS,1319.5
2017,WA,PIGS,703.7
2017,TAS,PIGS,34.1
2018,NSW,BULLS_BULLOCKS_STEERS,860.7
2018,VIC,BULLS_BULLOCKS_STEERS,584.1
2018,QLD,BULLS_BULLOCKS_STEERS,1962.7
2018,SA,BULLS_BULLOCKS_STEERS,206.4
2018,WA,BULLS_BULLOCKS_STEERS,191.3
2018,TAS,BULLS_BULLOCKS_STEERS,102.1
2018,NSW,COWS_HEIFERS,776.4
2018,VIC,COWS_HEIFERS,865.1
2018,QLD,COWS_HEIFERS,1524.7
2018,SA,COWS_HEIFERS,93.2
2018,WA,COWS_HEIFERS,196.5
2018,TAS,COWS_HEIFERS,116.1
2018,NSW,CATTLE,1637.1
2018,VIC,CATTLE,1449.2
2018,QLD,CATTLE,3487.3
2018,SA,CATTLE,299.6
2018,WA,CATTLE,387.8
2018,TAS,CATTLE,218.2
2018,NSW,CALVES,67.2
2018,VIC,CALVES,279.9
2018,QLD,CALVES,38.8
2018,SA,CALVES,1.1
2018,WA,CALVES,0.8
2018,TAS,CALVES,46.4
2018,NSW,SHEEP,2488.5
2018,VIC,SHEEP,3405.1
2018,QLD,SHEEP,54.4
2018,SA,SHEEP,977.1
2018,WA,SHEEP,1368.2
2018,TAS,SHEEP,102.6
2018,NSW,LAMBS,5197.8
2018,VIC,LAMBS,11898.5
2018,QLD,LAMBS,65.2
2018,SA,LAMBS,3222.4
2018,WA,LAMBS,2630.2
2018,TAS,LAMBS,418.4
2018,NSW,PIGS,901.1
2018,VIC,PIGS,1143.8
2018,QLD,PIGS,1137.0
2018,SA,PIGS,1363.9
2018,WA,PIGS,796.8
2018,TAS,PIGS,35.4
2019,NSW,BULLS_BULLOCKS_STEERS,869.0
2019,VIC,BULLS_BULLOCKS_STEERS,598.5
2019,QLD,BULLS_BULLOCKS_STEERS,1918.5
2019,SA,BULLS_BULLOCKS_STEERS,119.0
2019,WA,BULLS_BULLOCKS_STEERS,153.2
2019,TAS,BULLS_BULLOCKS_STEERS,105.7
2019,NSW,COWS_HEIFERS,955.2
2019,VIC,COWS_HEIFERS,1155.1
2019,QLD,COWS_HEIFERS,1798.6
2019,SA,COWS_HEIFERS,100.9
2019,WA,COWS_HEIFERS,270.4
2019,TAS,COWS_HEIFERS,126.3
2019,NSW,CATTLE,1824.2
2019,VIC,CATTLE,1753.6
2019,QLD,CATTLE,3717.1
2019,SA,CATTLE,219.9
2019,WA,CATTLE,423.6
2019,TAS,CATTLE,232.1
2019,NSW,CALVES,85.9
2019,VIC,CALVES,344.1
2019,QLD,CALVES,52.9
2019,SA,CALVES,0.3
2019,WA,CALVES,1.9
2019,TAS,CALVES,47.7
2019,NSW,SHEEP,2740.1
2019,VIC,SHEEP,4276.6
2019,QLD,SHEEP,146.4
2019,SA,SHEEP,1056.3
2019,WA,SHEEP,1395.7
2019,TAS,SHEEP,114.7
2019,NSW,LAMBS,4890.0
2019,VIC,LAMBS,11614.4
2019,QLD,LAMBS,74.5
2019,SA,LAMBS,2479.3
2019,WA,LAMBS,2690.8
2019,TAS,LAMBS,336.3
2019,NSW,PIGS,861.2
2019,VIC,PIGS,1156.4
2019,QLD,PIGS,1187.4
2019,SA,PIGS,1266.1
2019,WA,PIGS,811.5
2019,TAS,PIGS,33.4
2020,NSW,BULLS_BULLOCKS_STEERS,805.0
2020,VIC,BULLS_BULLOCKS_STEERS,596.0
2020,QLD,BULLS_BULLOCKS_STEERS,1910.9
2020,SA,BULLS_BULLOCKS_STEERS,109.5
2020,WA,BULLS_BULLOCKS_STEERS,162.1
2020,TAS,BULLS_BULLOCKS_STEERS,106.7
2020,NSW,COWS_HEIFERS,940.3
2020,VIC,COWS_HEIFERS,1199.9
2020,QLD,COWS_HEIFERS,1819.6
2020,SA,COWS_HEIFERS,100.9
2020,WA,COWS_HEIFERS,298.4
2020,TAS,COWS_HEIFERS,130.1
2020,NSW,CATTLE,1745.3
2020,VIC,CATTLE,1795.9
2020,QLD,CATTLE,3730.5
2020,SA,CATTLE,210.3
2020,WA,CATTLE,460.5
2020,TAS,CATTLE,236.8
2020,NSW,CALVES,95.9
2020,VIC,CALVES,319.6
2020,QLD,CALVES,56.4
2020,SA,CALVES,0.2
2020,WA,CALVES,1.2
2020,TAS,CALVES,43.0
2020,NSW,SHEEP,2489.9
2020,VIC,SHEEP,3184.9
2020,QLD,SHEEP,95.3
2020,SA,SHEEP,612.2
2020,WA,SHEEP,1770.9
2020,TAS,SHEEP,114.5
2020,NSW,LAMBS,4808.0
2020,VIC,LAMBS,10434.4
2020,QLD,LAMBS,80.0
2020,SA,LAMBS,2211.0
2020,WA,LAMBS,2456.5
2020,TAS,LAMBS,279.6
2020,NSW,PIGS,841.8
2020,VIC,PIGS,1151.1
2020,QLD,PIGS,1213.3
2020,SA,PIGS,1132.3
2020,WA,PIGS,801.1
2020,TAS,PIGS,27.8
2021,NSW,BULLS_BULLOCKS_STEERS,676.7
2021,VIC,BULLS_BULLOCKS_STEERS,463.3
2021,QLD,BULLS_BULLOCKS_STEERS,1720.2
2021,SA,BULLS_BULLOCKS_STEERS,85.5
2021,WA,BULLS_BULLOCKS_STEERS,170.0
2021,TAS,BULLS_BULLOCKS_STEERS,100.1
2021,NSW,COWS_HEIFERS,616.4
2021,VIC,COWS_HEIFERS,832.2
2021,QLD,COWS_HEIFERS,1203.4
2021,SA,COWS_HEIFERS,80.3
2021,WA,COWS_HEIFERS,223.5
2021,TAS,COWS_HEIFERS,108.6
2021,NSW,CATTLE,1293.1
2021,VIC,CATTLE,1295.5
2021,QLD,CATTLE,2923.6
2021,SA,CATTLE,165.8
2021,WA,CATTLE,393.5
2021,TAS,CATTLE,208.8
2021,NSW,CALVES,63.0
2021,VIC,CALVES,219.1
2021,QLD,CALVES,19.8
2021,SA,CALVES,0.4
2021,WA,CALVES,1.2
2021,TAS,CALVES,37.5
2021,NSW,SHEEP,1612.4
2021,VIC,SHEEP,2086.4
2021,QLD,SHEEP,49.7
2021,SA,SHEEP,215.9
2021,WA,SHEEP,1380.5
2021,TAS,SHEEP,58.3
2021,NSW,LAMBS,5224.3
2021,VIC,LAMBS,10304.9
2021,QLD,LAMBS,79.7
2021,SA,LAMBS,2584.4
2021,WA,LAMBS,2295.7
2021,TAS,LAMBS,258.5
2021,NSW,PIGS,880.3
2021,VIC,PIGS,1203.1
2021,QLD,PIGS,1254.6
2021,SA,PIGS,1269.2
2021,WA,PIGS,858.9
2021,TAS,PIGS,23.5
2022,NSW,BULLS_BULLOCKS_STEERS,740.8
2022,VIC,BULLS_BULLOCKS_STEERS,435.1
2022,QLD,BULLS_BULLOCKS_STEERS,1849.0
2022,SA,BULLS_BULLOCKS_STEERS,90.7
2022,WA,BULLS_BULLOCKS_STEERS,144.4
2022,TAS,BULLS_BULLOCKS_STEERS,86.1
2022,NSW,COWS_HEIFERS,516.5
2022,VIC,COWS_HEIFERS,719.7
2022,QLD,COWS_HEIFERS,964.7
2022,SA,COWS_HEIFERS,57.4
2022,WA,COWS_HEIFERS,180.3
2022,TAS,COWS_HEIFERS,107.2
2022,NSW,CATTLE,1257.3
2022,VIC,CATTLE,1154.8
2022,QLD,CATTLE,2813.7
2022,SA,CATTLE,148.1
2022,WA,CATTLE,324.8
2022,TAS,CATTLE,193.3
2022,NSW,CALVES,43.5
2022,VIC,CALVES,172.6
2022,QLD,CALVES,3.0
2022,SA,CALVES,0.4
2022,WA,CALVES,0.5
2022,TAS,CALVES,36.2
2022,NSW,SHEEP,2150.0
2022,VIC,SHEEP,2442.8
2022,QLD,SHEEP,49.9
2022,SA,SHEEP,346.3
2022,WA,SHEEP,1156.1
2022,TAS,SHEEP,87.1
2022,NSW,LAMBS,5281.8
2022,VIC,LAMBS,10353.4
2022,QLD,LAMBS,72.2
2022,SA,LAMBS,2340.2
2022,WA,LAMBS,2507.6
2022,TAS,LAMBS,311.1
2022,NSW,PIGS,824.1
2022,VIC,PIGS,1184.4
2022,QLD,PIGS,1314.6
2022,SA,PIGS,1315.2
2022,WA,PIGS,827.2
2022,TAS,PIGS,24.7
2023,NSW,BULLS_BULLOCKS_STEERS,756.7
2023,VIC,BULLS_BULLOCKS_STEERS,475.8
2023,QLD,BULLS_BULLOCKS_STEERS,1916.0
2023,SA,BULLS_BULLOCKS_STEERS,88.8
2023,WA,BULLS_BULLOCKS_STEERS,181.5
2023,TAS,BULLS_BULLOCKS_STEERS,90.4
2023,NSW,COWS_HEIFERS,596.6
2023,VIC,COWS_HEIFERS,778.6
2023,QLD,COWS_HEIFERS,1024.6
2023,SA,COWS_HEIFERS,55.5
2023,WA,COWS_HEIFERS,214.8
2023,TAS,COWS_HEIFERS,111.0
2023,NSW,CATTLE,1353.3
2023,VIC,CATTLE,1254.4
2023,QLD,CATTLE,2940.6
2023,SA,CATTLE,144.3
2023,WA,CATTLE,396.3
2023,TAS,CATTLE,201.4
2023,NSW,CALVES,46.3
2023,VIC,CALVES,224.0
2023,QLD,CALVES,2.5
2023,SA,CALVES,0.4
2023,WA,CALVES,0.4
2023,TAS,CALVES,34.0
2023,NSW,SHEEP,2895.7
2023,VIC,SHEEP,3596.1
2023,QLD,SHEEP,15.2
2023,SA,SHEEP,390.0
2023,WA,SHEEP,1665.6
2023,TAS,SHEEP,105.1
2023,NSW,LAMBS,5440.3
2023,VIC,LAMBS,11474.8
2023,QLD,LAMBS,69.9
2023,SA,LAMBS,2604.3
2023,WA,LAMBS,2790.0
2023,TAS,LAMBS,353.5
2023,NSW,PIGS,868.9
2023,VIC,PIGS,1202.1
2023,QLD,PIGS,1390.2
2023,SA,PIGS,1270.2
2023,WA,PIGS,885.6
2023,TAS,PIGS,27.4
2024,NSW,BULLS_BULLOCKS_STEERS,794.4
2024,VIC,BULLS_BULLOCKS_STEERS,598.2
2024,QLD,BULLS_BULLOCKS_STEERS,2036.1
2024,SA,BULLS_BULLOCKS_STEERS,134.5
2024,WA,BULLS_BULLOCKS_STEERS,191.9
2024,TAS,BULLS_BULLOCKS_STEERS,106.3
2024,NSW,COWS_HEIFERS,875.4
2024,VIC,COWS_HEIFERS,1055.1
2024,QLD,COWS_HEIFERS,1379.9
2024,SA,COWS_HEIFERS,130.8
2024,WA,COWS_HEIFERS,242.9
2024,TAS,COWS_HEIFERS,134.1
2024,NSW,CATTLE,1669.7
2024,VIC,CATTLE,1653.4
2024,QLD,CATTLE,3416.0
2024,SA,CATTLE,265.3
2024,WA,CATTLE,434.8
2024,TAS,CATTLE,240.4
2024,NSW,CALVES,49.6
2024,VIC,CALVES,306.9
2024,QLD,CALVES,2.5
2024,SA,CALVES,0.4
2024,WA,CALVES,0.7
2024,TAS,CALVES,39.9
2024,NSW,SHEEP,3730.9
2024,VIC,SHEEP,3954.2
2024,QLD,SHEEP,4.1
2024,SA,SHEEP,606.0
2024,WA,SHEEP,1900.7
2024,TAS,SHEEP,203.6
2024,NSW,LAMBS,5940.6
2024,VIC,LAMBS,14653.7
2024,QLD,LAMBS,78.9
2024,SA,LAMBS,2812.9
2024,WA,LAMBS,3217.5
2024,TAS,LAMBS,442.1
2024,NSW,PIGS,855.0
2024,VIC,PIGS,1340.9
2024,QLD,PIGS,1472.2
2024,SA,PIGS,1175.7
2024,WA,PIGS,927.3
2024,TAS,PIGS,27.8
2025,NSW,BULLS_BULLOCKS_STEERS,794.7
2025,VIC,BULLS_BULLOCKS_STEERS,624.6
2025,QLD,BULLS_BULLOCKS_STEERS,2309.9
2025,SA,BULLS_BULLOCKS_STEERS,176.7
2025,WA,BULLS_BULLOCKS_STEERS,189.1
2025,TAS,BULLS_BULLOCKS_STEERS,113.1
2025,NSW,COWS_HEIFERS,1149.1
2025,VIC,COWS_HEIFERS,1414.8
2025,QLD,COWS_HEIFERS,1544.4
2025,SA,COWS_HEIFERS,159.0
2025,WA,COWS_HEIFERS,276.7
2025,TAS,COWS_HEIFERS,124.4
2025,NSW,CATTLE,1943.7
2025,VIC,CATTLE,2039.4
2025,QLD,CATTLE,3854.4
2025,SA,CATTLE,335.7
2025,WA,CATTLE,465.7
2025,TAS,CATTLE,237.5
2025,NSW,CALVES,68.3
2025,VIC,CALVES,305.5
2025,QLD,CALVES,0.7
2025,SA,CALVES,0.3
2025,WA,CALVES,1.1
2025,TAS,CALVES,23.2
2025,NSW,SHEEP,4050.9
2025,VIC,SHEEP,4437.2
2025,QLD,SHEEP,4.8
2025,SA,SHEEP,816.3
2025,WA,SHEEP,2200.1
2025,TAS,SHEEP,231.6
2025,NSW,LAMBS,5679.2
2025,VIC,LAMBS,14249.6
2025,QLD,LAMBS,80.8
2025,SA,LAMBS,2566.7
2025,WA,LAMBS,2974.9
2025,TAS,LAMBS,508.9
2025,NSW,PIGS,868.0
2025,VIC,PIGS,1316.1
2025,QLD,PIGS,1428.4
2025,SA,PIGS,1198.1
2025,WA,PIGS,918.6
2025,TAS,PIGS,29.4
